fdip_ftq_occupancy_blocks_accumulated,cycles,BPC
296784167440.49084,21942360737.110603,13.525626116361614
