instructions,cycles,IPC
46911617927.7838,21942360737.110603,2.1379476205786405
