fdip_seniority_ftq_accumulated,cycles,SFTQ
4543399447981.532,21942360737.110603,207.06064868842424
