icache_unuseful_cl_cyc,icache_unuseful_cl,UUCL
753785923633.9069,274120303.34860003,2749.836164726966
