fdip_ftq_occupancy_blocks_accumulated,cycles,BPC
366195926252.76807,26535383536.963,13.800287670335273
