fdip_ftq_occupancy_blocks_accumulated,cycles,BPC
466935557935.34,21056262870.745804,22.175614010977693
