Simpoints,Weight,ST_OP_CF_val,ST_OP_CF_w_val
49,53.1722,13.849,736.3817978
1172,4605.89,13.74,63284.92860000001

weighted_avg,NA,NA,64021.31039780001
weighted_%,NA,NA,1.0
weighted_total,64021.31039780001
