instructions,cycles,IPC
46911617927.7838,21056262870.745804,2.227917566177412
