fdip_ftq_occupancy_blocks_accumulated,cycles,BPC
633381582005.484,30609653164.672005,20.692216883283688
