instructions,cycles,IPC
60087303814.785995,30609653164.672005,1.9630181201835861
