fdip_ftq_occupancy_blocks_accumulated,cycles,BPC
482911070317.7744,21476324072.343403,22.48574144677084
