Simpoints,Weight,FDIP_PREF_ICACHE_PROBE_HIT_ONPATH_val,FDIP_PREF_ICACHE_PROBE_HIT_ONPATH_w_val,FDIP_PREF_ICACHE_PROBE_HIT_OFFPATH_val,FDIP_PREF_ICACHE_PROBE_HIT_OFFPATH_w_val
49,53.1722,946366,50320362.2252,641282,34098374.7604
1172,4605.89,875884,4034225356.76,646858,2979356793.6200004

weighted_avg,NA,NA,4084545718.9852004,NA,3013455168.3804
weighted_%,NA,NA,0.5754501561496939,NA,0.42454984385030614
weighted_total,7098000887.365601
