instructions,cycles,IPC
46911617927.7838,21476324072.343403,2.1843411269899415
