instructions,cycles,IPC
59519968655.437004,20889209627.382,2.8493164517539724
