icache_unuseful_cl_cyc,icache_unuseful_cl,UUCL
1505651004117.8772,595460397.6040001,2528.5493547115498
