fdip_ftq_occupancy_blocks_accumulated,cycles,BPC
358377780075.5395,12880490519.80542,27.82330218903444
