instructions,cycles,IPC
23517834171.850815,12880490519.80542,1.8258492668186126
