fdip_seniority_ftq_accumulated,cycles,SFTQ
1053233504696.372,12880490519.80542,81.7696735288838
