icache_unuseful_cl_cyc,icache_unuseful_cl,UUCL
757315829495.2306,38021003.70189,19918.3544819882
