instructions,cycles,IPC
33924759397.564697,22205779596.4603,1.5277445788470518
