icache_unuseful_cl_cyc,icache_unuseful_cl,UUCL
2369953472708.6465,101989540.08179998,23237.22090331854
