fdip_ftq_occupancy_blocks_accumulated,cycles,BPC
449764782434.19525,20461463044.754,21.98106662512131
