icache_unuseful_cl_cyc,icache_unuseful_cl,UUCL
1085668843094.1969,453626348.44220006,2393.3108092651505
