instructions,cycles,IPC
46911617927.7838,21047171748.184402,2.2288798936527208
