Simpoints,Weight,NODE_INST_COUNT_val,NODE_INST_COUNT_w_val
517,810.151,10055243,8146265171.693
5297,898.498,10057335,9036495382.83
5168,967.77,10054921,9730850896.17
2807,979.819,10054922,9852003619.118
2215,509.983,10054920,5127838266.36
1490,862.35,10057333,8672941112.550001
3954,490.914,10054925,4936103451.45
2031,399.553,10054920,4017473450.7599998

weighted_avg,NA,NA,59519971350.93101
weighted_%,NA,NA,1.0
weighted_total,59519971350.93101
