instructions,cycles,IPC
59519971350.93101,21298085269.715,2.7946160698100853
