icache_unuseful_cl_cyc,icache_unuseful_cl,UUCL
550628823156.047,159916415.98100004,3443.228887905218
