fdip_ftq_occupancy_blocks_accumulated,cycles,BPC
353483546530.6436,12871751753.348717,27.461961145939696
