instructions,cycles,IPC
23517834171.850815,12871751753.348717,1.8270888549208084
