fdip_seniority_ftq_accumulated,cycles,SFTQ
820962511395.6597,12871751753.348717,63.7801697179312
