icache_unuseful_cl_cyc,icache_unuseful_cl,UUCL
815502154512.91,48230660.24859001,16908.37633799033
