instructions,cycles,IPC
33924759397.564697,22185509541.1466,1.529140420897062
