fdip_ftq_occupancy_blocks_accumulated,cycles,BPC
356270277097.5223,12962738757.93758,27.484182451749586
