instructions,cycles,IPC
23517834171.850815,12962738757.93758,1.8142643010104593
