fdip_seniority_ftq_accumulated,cycles,SFTQ
836443775681.4664,12962738757.93758,64.52677873873529
