icache_unuseful_cl_cyc,icache_unuseful_cl,UUCL
1607631119658.241,140103256.37389,11474.616374140487
