fdip_ftq_occupancy_blocks_accumulated,cycles,BPC
514101786150.66064,31326345482.067802,16.411163774113035
