instructions,cycles,IPC
46911617927.7838,31326345482.067802,1.4975132657793582
