icache_unuseful_cl_cyc,icache_unuseful_cl,UUCL
5749639701178.904,2323261707.6349998,2474.813613241979
