fdip_ftq_occupancy_blocks_accumulated,cycles,BPC
196008559713.383,12949876019.660591,15.13594102490259
