instructions,cycles,IPC
23517834294.00962,12949876019.660591,1.8160663668366155
