instructions,cycles,IPC
59519971350.93101,21036969611.333,2.8293034809950246
