fdip_ftq_occupancy_blocks_accumulated,cycles,BPC
441511877791.182,23618709987.288998,18.693310431805664
