instructions,cycles,IPC
59519973081.649,23618709987.288998,2.52003488394079
