fdip_seniority_ftq_accumulated,cycles,SFTQ
19106213934422.418,23618709987.288998,808.9440085722255
