fdip_ftq_occupancy_blocks_accumulated,cycles,BPC
355636430876.81305,12793215547.54255,27.798830525068993
