instructions,cycles,IPC
23517834294.00962,12793215547.54255,1.8383051709409497
