icache_unuseful_cl_cyc,icache_unuseful_cl,UUCL
921406522540.7273,44216257.391030006,20838.6366668756
