fdip_ftq_occupancy_blocks_accumulated,cycles,BPC
543281583200.474,21054942389.606003,25.80304296955335
