instructions,cycles,IPC
59519970452.43301,21054942389.606003,2.82688830731808
