icache_unuseful_cl_cyc,icache_unuseful_cl,UUCL
1948360967211.074,721435627.7099998,2700.671955161978
