fdip_ftq_occupancy_blocks_accumulated,cycles,BPC
500255815187.0153,12956907010.43255,38.6092000802524
