instructions,cycles,IPC
23517834171.850815,12956907010.43255,1.8150808794811055
