fdip_seniority_ftq_accumulated,cycles,SFTQ
1823859717881.8184,12956907010.43255,140.76351064442278
