icache_unuseful_cl_cyc,icache_unuseful_cl,UUCL
913121193195.2477,53649562.71076,17020.1050494697
