fdip_ftq_occupancy_blocks_accumulated,cycles,BPC
195598916306.1101,12925584860.639982,15.132693678081306
