instructions,cycles,IPC
23517834171.850815,12925584860.639982,1.8194793059976382
