fdip_seniority_ftq_accumulated,cycles,SFTQ
514590068665.47766,12925584860.639982,39.81174346953294
