fdip_ftq_occupancy_blocks_accumulated,cycles,BPC
534205340506.1531,20883532170.186996,25.580219675136004
