instructions,cycles,IPC
59519973310.56901,20883532170.186996,2.850091298039074
