fdip_seniority_ftq_accumulated,cycles,SFTQ
3114160507593.874,20883532170.186996,149.12039219302187
