fdip_ftq_occupancy_blocks_accumulated,cycles,BPC
630928339091.809,22168501731.812603,28.460576484806094
