instructions,cycles,IPC
33924759397.564697,22168501731.812603,1.530313586726587
