icache_unuseful_cl_cyc,icache_unuseful_cl,UUCL
2175358476426.363,89903378.78379998,24196.62648783951
