fdip_ftq_occupancy_blocks_accumulated,cycles,BPC
416158935079.20996,31463331196.702,13.226791927322429
