Simpoints,Weight,FDIP_ATTEMPTED_PREF_ONPATH_val,FDIP_ATTEMPTED_PREF_ONPATH_w_val,FDIP_ATTEMPTED_PREF_OFFPATH_val,FDIP_ATTEMPTED_PREF_OFFPATH_w_val
4118,2431.67,1565594,3807007961.98,1110952,2701468649.84
1010,22.174,1568440,34778588.56,1120351,24842663.074
1362,2347.06,1563611,3669888833.66,1114061,2614768010.66
5198,1186.62,1565959,1858198268.58,1087808,1290814728.9599998

weighted_avg,NA,NA,9369873652.779999,NA,6631894052.533999
weighted_%,NA,NA,0.5855524105420161,NA,0.41444758945798377
weighted_total,16001767705.314
