instructions,cycles,IPC
60087303814.785995,31463331196.702,1.9097565810540866
