icache_unuseful_cl_cyc,icache_unuseful_cl,UUCL
3001788309969.04,793950025.5839999,3780.8277766110496
