fdip_ftq_occupancy_blocks_accumulated,cycles,BPC
638338434845.0144,20237054340.924202,31.543050885332665
