instructions,cycles,IPC
46911617927.7838,20237054340.924202,2.3181050531112724
