fdip_seniority_ftq_accumulated,cycles,SFTQ
15087812635122.873,20237054340.924202,745.5537935978992
