fdip_ftq_occupancy_blocks_accumulated,cycles,BPC
355952877137.8598,12950126370.928316,27.48644043636029
