instructions,cycles,IPC
23517834171.850815,12950126370.928316,1.8160312492892656
