fdip_seniority_ftq_accumulated,cycles,SFTQ
1245103096245.6611,12950126370.928316,96.14601901034632
