icache_unuseful_cl_cyc,icache_unuseful_cl,UUCL
816060383354.2899,47930489.92749,17025.91366349142
