fdip_ftq_occupancy_blocks_accumulated,cycles,BPC
355809078957.394,12944884505.208197,27.48646222484558
