instructions,cycles,IPC
23517834294.00962,12944884505.208197,1.8167666373962272
