icache_unuseful_cl_cyc,icache_unuseful_cl,UUCL
1759783036508.6343,163253447.60577,10779.454047170988
