fdip_ftq_occupancy_blocks_accumulated,cycles,BPC
543446350886.72205,27801159617.409996,19.547614501173474
