instructions,cycles,IPC
60087299120.666,27801159617.409996,2.1613234824578096
