fdip_seniority_ftq_accumulated,cycles,SFTQ
28376950056991.89,27801159617.409996,1020.7110223999907
