icache_unuseful_cl_cyc,icache_unuseful_cl,UUCL
1722137849404.652,473900286.67399997,3633.9666757562554
