instructions,cycles,IPC
59519971350.93101,21301487597.679,2.794169706599096
