fdip_ftq_occupancy_blocks_accumulated,cycles,BPC
349108308216.774,13067909472.32802,26.714931638915086
