instructions,cycles,IPC
23517834171.850815,13067909472.32802,1.7996630770706712
