fdip_seniority_ftq_accumulated,cycles,SFTQ
2229669854411.353,13067909472.32802,170.62177076852234
