icache_unuseful_cl_cyc,icache_unuseful_cl,UUCL
905155836039.1206,64168747.55678999,14105.86727188416
