fdip_ftq_occupancy_blocks_accumulated,cycles,BPC
558292911636.8007,20243486035.609203,27.578891829931777
