instructions,cycles,IPC
46911617927.7838,20243486035.609203,2.3173685522969785
