fdip_seniority_ftq_accumulated,cycles,SFTQ
12128682555978.592,20243486035.609203,599.140016430159
