instructions,cycles,IPC
33924759397.564697,22200785122.5745,1.528088273016474
