instructions,cycles,IPC
59519968574.116005,20919614386.78,2.845175225205357
