icache_unuseful_cl_cyc,icache_unuseful_cl,UUCL
279728050376.18604,81293683.73,3440.9567575415126
