fdip_ftq_occupancy_blocks_accumulated,cycles,BPC
308529940335.027,21337767336.948997,14.459335668205972
