instructions,cycles,IPC
59519968655.437004,21337767336.948997,2.7894187669939945
