icache_unuseful_cl_cyc,icache_unuseful_cl,UUCL
632769821387.1299,203373902.92799997,3111.361941119594
