fdip_ftq_occupancy_blocks_accumulated,cycles,BPC
631005214634.3802,22176196576.055595,28.454167623843052
