instructions,cycles,IPC
33924758641.8577,22176196576.055595,1.5297825542585346
