icache_unuseful_cl_cyc,icache_unuseful_cl,UUCL
3237089329887.818,205652706.24249995,15740.56276249889
