Simpoints,Weight,CBR_CORRECT_val,CBR_CORRECT_w_val,CBR_CORRECT_BTB_MISS_NT_NT_val,CBR_CORRECT_BTB_MISS_NT_NT_w_val,CBR_RECOVER_MISPREDICT_val,CBR_RECOVER_MISPREDICT_w_val,CBR_RECOVER_MISFETCH_val,CBR_RECOVER_MISFETCH_w_val,CBR_RECOVER_BTB_MISS_T_T_val,CBR_RECOVER_BTB_MISS_T_T_w_val,CBR_RECOVER_BTB_MISS_T_NT_val,CBR_RECOVER_BTB_MISS_T_NT_w_val,CBR_RECOVER_BTB_MISS_NT_T_val,CBR_RECOVER_BTB_MISS_NT_T_w_val
4118,2431.67,557521,1355707090.07,746994,1816442899.98,275,668709.25,0,0.0,38026,92466683.42,6,14590.02,4,9726.68
1010,22.174,843604,18706075.096,733998,16275671.651999999,735,16297.89,0,0.0,38646,856936.404,106,2350.444,302,6696.548
1362,2347.06,551936,1295426908.16,744174,1746621028.44,358,840247.48,0,0.0,37935,89035721.1,3,7041.18,6,14082.36
5198,1186.62,563010,668078926.1999999,746987,886389713.9399999,333,395144.45999999996,0,0.0,37974,45060707.879999995,6,7119.719999999999,18,21359.159999999996

weighted_avg,NA,NA,3337918999.526,NA,4465729314.012,NA,1920399.08,NA,0.0,NA,227420048.804,NA,31101.364,NA,51864.74799999999
weighted_%,NA,NA,0.41552212064595584,NA,0.5559180180982766,NA,0.00023906161243620886,NA,0.0,NA,0.028310471575213183,NA,3.871665168057391e-06,NA,6.456402950098079e-06
weighted_total,8033071727.534
