icache_unuseful_cl_cyc,icache_unuseful_cl,UUCL
2006664224326.918,593234441.2639999,3382.5821374283905
