fdip_ftq_occupancy_blocks_accumulated,cycles,BPC
342735891733.96094,22201989741.917397,15.437170078809421
