instructions,cycles,IPC
33924759096.1767,22201989741.917397,1.528005349544266
