fdip_seniority_ftq_accumulated,cycles,SFTQ
2049844966612.5095,22201989741.917397,92.3270837632358
