fdip_ftq_occupancy_blocks_accumulated,cycles,BPC
438525621129.9262,20139269381.754803,21.77465392697955
