instructions,cycles,IPC
46911617927.7838,20139269381.754803,2.329360466784532
