fdip_seniority_ftq_accumulated,cycles,SFTQ
9024705598389.846,20139269381.754803,448.1148460413261
