fdip_ftq_occupancy_blocks_accumulated,cycles,BPC
596903762187.8258,21066298744.625202,28.334534197191058
