instructions,cycles,IPC
46911617927.7838,21066298744.625202,2.226856197971307
