icache_unuseful_cl_cyc,icache_unuseful_cl,UUCL
2094432556097.5344,970134619.7334001,2158.9092003263418
