fdip_ftq_occupancy_blocks_accumulated,cycles,BPC
449765791057.65704,20461433374.6664,21.981147792633074
