icache_unuseful_cl_cyc,icache_unuseful_cl,UUCL
1085150167075.2264,453416571.3094001,2393.2741671559843
