instructions,cycles,IPC
33924759545.383698,22342936448.166,1.5183662015101145
