icache_unuseful_cl_cyc,icache_unuseful_cl,UUCL
1746714826258.65,78656749.33069997,22206.801592001488
