instructions,cycles,IPC
60087303814.785995,31281444902.196,1.9208608810319943
