fdip_ftq_occupancy_blocks_accumulated,cycles,BPC
470131961727.2144,21113035442.247803,22.267378985518423
