instructions,cycles,IPC
46911617927.7838,21113035442.247803,2.2219267360254733
