fdip_ftq_occupancy_blocks_accumulated,cycles,BPC
539319993455.73804,27649453511.61,19.50562940527116
