icache_unuseful_cl_cyc,icache_unuseful_cl,UUCL
3096735978465.438,1193159642.2819998,2595.4079141854963
