instructions,cycles,IPC
33924759397.564697,22138670287.1139,1.532375655701013
