icache_unuseful_cl_cyc,icache_unuseful_cl,UUCL
418787312449.562,176340352.45400003,2374.8807724471712
