fdip_ftq_occupancy_blocks_accumulated,cycles,BPC
631099529956.4346,22186695540.471497,28.444953815011555
