instructions,cycles,IPC
33924759245.681698,22186695540.471497,1.529058673194411
