fdip_seniority_ftq_accumulated,cycles,SFTQ
2102573315147.2092,22186695540.471497,94.76730373443105
