icache_unuseful_cl_cyc,icache_unuseful_cl,UUCL
2867470415424.5312,174623229.87469995,16420.898969066548
