fdip_ftq_occupancy_blocks_accumulated,cycles,BPC
687228638823.4725,21047171748.184402,32.651828333313006
