icache_unuseful_cl_cyc,icache_unuseful_cl,UUCL
262792762386.74802,117023975.41720001,2245.6318156161624
