fdip_ftq_occupancy_blocks_accumulated,cycles,BPC
631183873666.714,12945186637.003881,48.75819031163844
