instructions,cycles,IPC
23517834171.850815,12945186637.003881,1.816724225869789
