fdip_seniority_ftq_accumulated,cycles,SFTQ
2177005218294.9404,12945186637.003881,168.17101825878353
