icache_unuseful_cl_cyc,icache_unuseful_cl,UUCL
952424345779.437,58485847.43271001,16284.697710420187
