fdip_ftq_occupancy_blocks_accumulated,cycles,BPC
783521049281.538,30878827930.261997,25.374054062255013
