Simpoints,Weight,DCACHE_MISS_val,DCACHE_MISS_w_val,DCACHE_ST_BUFFER_HIT_val,DCACHE_ST_BUFFER_HIT_w_val,DCACHE_HIT_val,DCACHE_HIT_w_val
4118,2431.67,301480,733099871.6,21122,51361733.74,4686040,11394902886.800001
1010,22.174,532866,11815770.684,18533,410950.74199999997,4738953,105081543.822
1362,2347.06,298960,701677057.6,21618,50738743.08,4698755,11028259910.3
5198,1186.62,300397,356457088.14,21075,25008016.499999996,4676727,5549497792.74

weighted_avg,NA,NA,1803049788.0240002,NA,127519444.062,NA,28077742133.662003
weighted_%,NA,NA,0.06008501331674504,NA,0.004249470838520853,NA,0.9356655158447341
weighted_total,30008311365.748
