instructions,cycles,IPC
60087303814.785995,30878827930.261997,1.9459062355115813
