fdip_ftq_occupancy_blocks_accumulated,cycles,BPC
758688574745.9159,21297082261.574997,35.62406180469005
