instructions,cycles,IPC
59519971350.93101,21297082261.574997,2.794747685147425
