icache_unuseful_cl_cyc,icache_unuseful_cl,UUCL
1052772433435.031,355530319.17899996,2961.13264226275
