fdip_ftq_occupancy_blocks_accumulated,cycles,BPC
341992340631.7275,22158842908.568302,15.433673231172513
