instructions,cycles,IPC
33924759096.1767,22158842908.568302,1.5309806218743849
