icache_unuseful_cl_cyc,icache_unuseful_cl,UUCL
1794104381639.9814,71226461.21510002,25188.73394849541
