fdip_ftq_occupancy_blocks_accumulated,cycles,BPC
592190960144.569,20921500775.936996,28.305376678602396
