instructions,cycles,IPC
59519968574.116005,20921500775.936996,2.844918689703814
