fdip_seniority_ftq_accumulated,cycles,SFTQ
150418035809.39804,20921500775.936996,7.1896388992515465
