icache_unuseful_cl_cyc,icache_unuseful_cl,UUCL
262141640956.35196,77232593.25500001,3394.1841120216563
