instructions,cycles,IPC
60087303814.785995,23401276076.34,2.5676934718759896
