icache_unuseful_cl_cyc,icache_unuseful_cl,UUCL
627274055828.596,180785258.67800003,3469.719049083783
