fdip_ftq_occupancy_blocks_accumulated,cycles,BPC
447218729542.16,23782435023.527996,18.80458115830973
