instructions,cycles,IPC
59519973081.649,23782435023.527996,2.5026862481813072
