fdip_ftq_occupancy_blocks_accumulated,cycles,BPC
540671725087.722,27714614890.840004,19.508541872844862
