Simpoints,Weight,CBR_CORRECT_val,CBR_CORRECT_w_val,CBR_CORRECT_BTB_MISS_NT_NT_val,CBR_CORRECT_BTB_MISS_NT_NT_w_val,CBR_RECOVER_MISPREDICT_val,CBR_RECOVER_MISPREDICT_w_val,CBR_RECOVER_MISFETCH_val,CBR_RECOVER_MISFETCH_w_val,CBR_RECOVER_BTB_MISS_T_T_val,CBR_RECOVER_BTB_MISS_T_T_w_val,CBR_RECOVER_BTB_MISS_T_NT_val,CBR_RECOVER_BTB_MISS_T_NT_w_val,CBR_RECOVER_BTB_MISS_NT_T_val,CBR_RECOVER_BTB_MISS_NT_T_w_val
4118,2431.67,556989,1354413441.63,747061,1816605821.8700001,275,668709.25,0,0.0,38491,93597409.97,6,14590.02,4,9726.68
1010,22.174,843125,18695453.75,734091,16277733.833999999,735,16297.89,0,0.0,39032,865495.568,106,2350.444,302,6696.548
1362,2347.06,551392,1294150107.52,744266,1746836957.96,358,840247.48,0,0.0,38387,90096592.22,3,7041.18,6,14082.36
5198,1186.62,562720,667734806.4,746982,886383780.8399999,333,395144.45999999996,0,0.0,38269,45410760.779999994,6,7119.719999999999,18,21359.159999999996

weighted_avg,NA,NA,3334993809.3,NA,4466104294.504001,NA,1920399.08,NA,0.0,NA,229970258.53800002,NA,31101.364,NA,51864.74799999999
weighted_%,NA,NA,0.4151579772242093,NA,0.5559646976879427,NA,0.00023906161243620884,NA,0.0,NA,0.028627935407293626,NA,3.87166516805739e-06,NA,6.456402950098078e-06
weighted_total,8033071727.534001
