instructions,cycles,IPC
60087299120.666,27714614890.840004,2.1680726705867213
