fdip_seniority_ftq_accumulated,cycles,SFTQ
25790673616108.82,27714614890.840004,930.5802630738676
