icache_unuseful_cl_cyc,icache_unuseful_cl,UUCL
3281337091788.038,992744785.2819998,3305.317882738552
