icache_unuseful_cl_cyc,icache_unuseful_cl,UUCL
1145184326790.0771,406957161.58299994,2814.016891447465
