fdip_ftq_occupancy_blocks_accumulated,cycles,BPC
355349201864.0492,12932714101.642485,27.476769305440612
