instructions,cycles,IPC
23517834294.00962,12932714101.642485,1.818476315889702
