icache_unuseful_cl_cyc,icache_unuseful_cl,UUCL
1417286252487.567,153922701.79226002,9207.77920335878
