instructions,cycles,IPC
33924759393.500698,22191133605.0169,1.5287528792954994
