icache_unuseful_cl_cyc,icache_unuseful_cl,UUCL
2378784582445.8506,229628680.14539996,10359.266015637131
