fdip_ftq_occupancy_blocks_accumulated,cycles,BPC
351949591935.7142,13153517656.71595,26.757069942884446
