instructions,cycles,IPC
23517834294.00962,13153517656.71595,1.7879501824366988
