icache_unuseful_cl_cyc,icache_unuseful_cl,UUCL
1288874310890.099,109529257.94713001,11767.397452032783
