fdip_ftq_occupancy_blocks_accumulated,cycles,BPC
631445550154.4618,12942319198.13391,48.78921161560494
