instructions,cycles,IPC
23517834294.00962,12942319198.13391,1.817126740113205
