icache_unuseful_cl_cyc,icache_unuseful_cl,UUCL
1254558831358.8855,81459678.32194,15400.979444096183
