instructions,cycles,IPC
59519973348.69601,21284466668.416,2.7964042640080637
