instructions,cycles,IPC
33924759245.681698,22169153590.5774,1.5302685827437637
