icache_unuseful_cl_cyc,icache_unuseful_cl,UUCL
2692665237878.207,243918500.51919994,11039.200520447013
