fdip_ftq_occupancy_blocks_accumulated,cycles,BPC
638076179132.84,30751812483.850002,20.749221837507623
