instructions,cycles,IPC
60087303814.785995,30751812483.850002,1.9539434902037784
