instructions,cycles,IPC
33924759397.564697,22251457255.1975,1.5246084338876524
