fdip_ftq_occupancy_blocks_accumulated,cycles,BPC
355570147196.98145,12942204420.168308,27.473692707471344
