instructions,cycles,IPC
23517834171.850815,12942204420.168308,1.817142845866514
