fdip_seniority_ftq_accumulated,cycles,SFTQ
1042565281183.9199,12942204420.168308,80.55546391766556
