icache_unuseful_cl_cyc,icache_unuseful_cl,UUCL
1292822937722.0115,146606733.79959005,8818.30530028237
