fdip_ftq_occupancy_blocks_accumulated,cycles,BPC
616176546167.878,23738244596.409996,25.957123479175213
