instructions,cycles,IPC
60087303814.785995,23738244596.409996,2.5312446154452877
