fdip_ftq_occupancy_blocks_accumulated,cycles,BPC
499201445526.2645,12926315828.475296,38.619004219793
