instructions,cycles,IPC
23517834294.00962,12926315828.475296,1.8193764260503629
