icache_unuseful_cl_cyc,icache_unuseful_cl,UUCL
1155834543193.3713,74390632.80763999,15537.366729788942
