instructions,cycles,IPC
33924759397.564697,22089899206.3179,1.5357589041357835
