fdip_ftq_occupancy_blocks_accumulated,cycles,BPC
355227110654.2834,12924042972.210148,27.485757469091407
