instructions,cycles,IPC
23517834294.00962,12924042972.210148,1.8196963863845637
