icache_unuseful_cl_cyc,icache_unuseful_cl,UUCL
1057705874791.5977,64679672.941530004,16352.98737128366
