fdip_ftq_occupancy_blocks_accumulated,cycles,BPC
373447773954.408,28918783336.581997,12.913675157350067
