instructions,cycles,IPC
60087303814.785995,28918783336.581997,2.077795013553565
