fdip_seniority_ftq_accumulated,cycles,SFTQ
15369263208586.168,28918783336.581997,531.4629951649518
