instructions,cycles,IPC
59519973348.69601,21296445710.295,2.794831314031112
