fdip_ftq_occupancy_blocks_accumulated,cycles,BPC
628833351236.2637,22425269608.575798,28.04128388252631
