instructions,cycles,IPC
33924759397.564697,22425269608.575798,1.5127915958072273
