icache_unuseful_cl_cyc,icache_unuseful_cl,UUCL
2616500854698.888,147830622.16449997,17699.31571949519
