fdip_ftq_occupancy_blocks_accumulated,cycles,BPC
757978765595.488,21282621683.711002,35.61491515754468
