instructions,cycles,IPC
59519971350.93101,21282621683.711002,2.796646589667361
