fdip_seniority_ftq_accumulated,cycles,SFTQ
4767226630206.879,21282621683.711002,223.9962116065594
