instructions,cycles,IPC
33924759397.564697,22123607482.9252,1.5334189699282776
