icache_unuseful_cl_cyc,icache_unuseful_cl,UUCL
1650406929151.2988,60221395.86609999,27405.65716578401
