instructions,cycles,IPC
60087303814.785995,30665190464.712,1.9594629253626035
