fdip_ftq_occupancy_blocks_accumulated,cycles,BPC
1151012047798.035,22225491564.860798,51.78792308998111
