instructions,cycles,IPC
33924759397.564697,22225491564.860798,1.5263896098118617
