fdip_seniority_ftq_accumulated,cycles,SFTQ
5418997371435.416,22225491564.860798,243.81901095960558
