icache_unuseful_cl_cyc,icache_unuseful_cl,UUCL
2055860770200.6755,73512454.61619999,27966.15595185995
